{
    "buy_threshold": 0.04494245459768087,
    "sell_threshold": 0.03118166321588023,
    "position_size": 0.009156319362050733
}